class	super	source	access_flags
Lcom/google/ads/AdActivity;	Landroid/app/Activity;		0x1
Lcom/google/ads/a;	Ljava/lang/Object;		0x601
Lcom/google/ads/AdView;	Landroid/widget/RelativeLayout;		0x1
Lcom/google/ads/a/a$a;	Ljava/lang/Enum;		0x4011
Lcom/google/ads/c;	Ljava/lang/Object;		0x1
Lcom/google/ads/a/a;	Lcom/google/ads/c;		0x11
Lcom/google/ads/q;	Ljava/lang/Object;		0x601
Lcom/google/ads/aa;	Ljava/lang/Object;		0x11
Lcom/google/ads/ab;	Ljava/lang/Object;		0x11
Lcom/google/ads/ac;	Ljava/lang/Object;		0x11
Lcom/google/ads/ad;	Ljava/lang/Object;		0x11
Lcom/google/ads/ae;	Ljava/lang/Object;		0x11
Lcom/google/ads/af$a;	Ljava/lang/Object;		0x10
Lcom/google/ads/af$b;	Ljava/lang/Object;		0x10
Lcom/google/ads/af$c;	Ljava/lang/Object;		0x10
Lcom/google/ads/af;	Ljava/lang/Object;		0x11
Lcom/google/ads/b;	Ljava/lang/Object;		0x601
Lcom/google/ads/c$a;	Ljava/lang/Enum;		0x4011
Lcom/google/ads/c$b;	Ljava/lang/Enum;		0x4011
Lcom/google/ads/d;	Ljava/lang/Object;		0x11
Lcom/google/ads/e;	Ljava/lang/Object;		0x11
Lcom/google/ads/f;	Ljava/lang/Object;		0x11
Lcom/google/ads/g;	Ljava/lang/Object;		0x11
Lcom/google/ads/h$a;	Ljava/lang/Object;		0x10
Lcom/google/ads/h$b;	Ljava/lang/Enum;		0x4011
Lcom/google/ads/h$c;	Ljava/lang/Object;		0x10
Lcom/google/ads/h;	Ljava/lang/Object;		0x11
Lcom/google/ads/i;	Ljava/lang/Object;		0x11
Lcom/google/ads/j$a;	Ljava/lang/Object;		0x10
Lcom/google/ads/j$b;	Ljava/lang/Exception;		0x10
Lcom/google/ads/j$c;	Ljava/lang/Object;		0x10
Lcom/google/ads/j$d;	Ljava/lang/Exception;		0x10
Lcom/google/ads/j$e;	Ljava/lang/Object;		0x10
Lcom/google/ads/j;	Ljava/lang/Object;		0x11
Lcom/google/ads/k;	Ljava/lang/Object;		0x11
Lcom/google/ads/l;	Ljava/lang/Object;		0x11
Lcom/google/ads/m;	Ljava/lang/Object;		0x11
Lcom/google/ads/n$a;	Ljava/lang/Object;		0x10
Lcom/google/ads/n;	Landroid/widget/FrameLayout;		0x11
Lcom/google/ads/o;	Landroid/webkit/WebView;		0x11
Lcom/google/ads/p;	Landroid/webkit/WebViewClient;		0x11
Lcom/google/ads/r;	Ljava/lang/Object;		0x11
Lcom/google/ads/s;	Ljava/lang/Object;		0x11
Lcom/google/ads/t;	Ljava/lang/Object;		0x11
Lcom/google/ads/u;	Ljava/lang/Object;		0x11
Lcom/google/ads/util/AdUtil$UserActivityReceiver;	Landroid/content/BroadcastReceiver;		0x1
Lcom/google/ads/util/AdUtil$a;	Ljava/lang/Enum;		0x4011
Lcom/google/ads/util/AdUtil;	Ljava/lang/Object;		0x11
Lcom/google/ads/util/a;	Ljava/lang/Object;		0x11
Lcom/google/ads/util/b$a;	Ljava/lang/Object;		0x401
Lcom/google/ads/util/b$b;	Lcom/google/ads/util/b$a;		0x11
Lcom/google/ads/util/b;	Ljava/lang/Object;		0x1
Lcom/google/ads/util/c;	Ljava/lang/Object;		0x11
Lcom/google/ads/v;	Ljava/lang/Object;		0x11
Lcom/google/ads/w;	Ljava/lang/Object;		0x11
Lcom/google/ads/x;	Ljava/lang/Object;		0x11
Lcom/google/ads/y;	Ljava/lang/Object;		0x11
Lcom/google/ads/z;	Ljava/lang/Object;		0x11
Ljakiganicsystems/danmaku/a/a;	Ljava/lang/Object;		0x11
Ljakiganicsystems/danmaku/common/b;	Ljava/lang/Object;		0x1
Ljakiganicsystems/danmaku/common/LeaderbordData;	Ljakiganicsystems/danmaku/common/b;		0x1
Ljakiganicsystems/danmaku/common/LeaderbordListItem;	Ljava/lang/Object;		0x1
Ljakiganicsystems/danmaku/common/a;	Ljava/lang/Object;		0x11
Ljakiganicsystems/danmakudeath/App;	Landroid/app/Application;		0x1
Ljakiganicsystems/danmakudeath/GameBase;	Landroid/app/Activity;		0x1
Ljakiganicsystems/danmakudeath/JniBridge;	Ljava/lang/Object;		0x1
Ljakiganicsystems/danmakudeath/a$a;	Ljava/lang/Enum;		0x4011
Ljakiganicsystems/danmakudeath/a$b;	Ljava/lang/Enum;		0x4011
Ljakiganicsystems/danmakudeath/a/a;	Ljava/lang/Object;		0x1
Ljakiganicsystems/danmakudeath/a/b;	Ljakiganicsystems/danmakudeath/a/a;		0x11
Ljakiganicsystems/danmakudeath/a/c$a;	Ljava/lang/Object;		0x11
Ljakiganicsystems/danmakudeath/a/c$b;	Ljava/lang/Enum;		0x4010
Ljakiganicsystems/danmakudeath/a/c;	Ljakiganicsystems/danmakudeath/a/a;		0x11
Ljakiganicsystems/danmakudeath/a/d$a;	Ljava/lang/Enum;		0x4011
Ljakiganicsystems/danmakudeath/a/d;	Ljakiganicsystems/danmakudeath/a/a;		0x11
Ljakiganicsystems/danmakudeath/a/e$a;	Ljava/lang/Enum;		0x4011
Ljakiganicsystems/danmakudeath/a/e;	Ljakiganicsystems/danmakudeath/a/a;		0x11
Ljakiganicsystems/danmakudeath/a/f$a;	Ljava/lang/Enum;		0x4011
Ljakiganicsystems/danmakudeath/a/f$b;	Ljava/lang/Object;		0x11
Ljakiganicsystems/danmakudeath/a/f$c;	Ljava/lang/Enum;		0x4010
Ljakiganicsystems/danmakudeath/a/f;	Ljakiganicsystems/danmakudeath/a/a;		0x11
Ljakiganicsystems/danmakudeath/a/g;	Ljakiganicsystems/danmakudeath/a/a;		0x11
Ljakiganicsystems/danmakudeath/a/h;	Ljakiganicsystems/danmakudeath/a/a;		0x11
Ljakiganicsystems/danmakudeath/a/i;	Ljakiganicsystems/danmakudeath/a/a;		0x11
Ljakiganicsystems/danmakudeath/a/j;	Ljakiganicsystems/danmakudeath/a/a;		0x11
Ljakiganicsystems/danmakudeath/a/k$a;	Ljava/lang/Enum;		0x4011
Ljakiganicsystems/danmakudeath/a/k;	Ljakiganicsystems/danmakudeath/a/a;		0x11
Ljakiganicsystems/danmakudeath/a/l$a;	Ljava/lang/Enum;		0x4011
Ljakiganicsystems/danmakudeath/a/l;	Ljakiganicsystems/danmakudeath/a/a;		0x11
Ljakiganicsystems/danmakudeath/a/m;	Ljakiganicsystems/danmakudeath/a/a;		0x11
Ljakiganicsystems/danmakudeath/a/n$a;	Ljava/lang/Object;		0x11
Ljakiganicsystems/danmakudeath/a/n$b;	Ljava/lang/Enum;		0x4010
Ljakiganicsystems/danmakudeath/a/n;	Ljakiganicsystems/danmakudeath/a/a;		0x11
Ljakiganicsystems/danmakudeath/a/o$a;	Ljava/lang/Object;		0x11
Ljakiganicsystems/danmakudeath/a/o$b;	Ljava/lang/Enum;		0x4010
Ljakiganicsystems/danmakudeath/a/o;	Ljakiganicsystems/danmakudeath/a/a;		0x11
Ljakiganicsystems/danmakudeath/a/p;	Ljakiganicsystems/danmakudeath/a/a;		0x11
Ljakiganicsystems/danmakudeath/a/q$a;	Ljava/lang/Object;		0x11
Ljakiganicsystems/danmakudeath/a/q;	Ljakiganicsystems/danmakudeath/a/a;		0x11
Ljakiganicsystems/danmakudeath/a;	Ljava/lang/Object;		0x11
Ljakiganicsystems/danmakudeath/aa$a;	Ljava/lang/Enum;		0x4011
Ljakiganicsystems/danmakudeath/aa;	Ljava/lang/Object;		0x11
Ljakiganicsystems/danmakudeath/ab;	Ljava/lang/Object;		0x11
Ljakiganicsystems/danmakudeath/ac;	Ljava/lang/Object;		0x11
Ljakiganicsystems/danmakudeath/ay;	Ljava/lang/Object;		0x401
Ljakiganicsystems/danmakudeath/ad;	Ljakiganicsystems/danmakudeath/ay;		0x401
Ljakiganicsystems/danmakudeath/ae;	Ljakiganicsystems/danmakudeath/ad;		0x11
Ljakiganicsystems/danmakudeath/af;	Ljava/lang/Object;		0x10
Ljakiganicsystems/danmakudeath/ag;	Ljakiganicsystems/danmakudeath/ad;		0x11
Ljakiganicsystems/danmakudeath/ah;	Ljava/lang/Object;		0x10
Ljakiganicsystems/danmakudeath/ai;	Ljakiganicsystems/danmakudeath/ad;		0x401
Ljakiganicsystems/danmakudeath/aj;	Ljava/lang/Object;		0x10
Ljakiganicsystems/danmakudeath/ak;	Ljakiganicsystems/danmakudeath/ai;		0x11
Ljakiganicsystems/danmakudeath/al;	Ljakiganicsystems/danmakudeath/ai;		0x11
Ljakiganicsystems/danmakudeath/am;	Ljakiganicsystems/danmakudeath/ai;		0x11
Ljakiganicsystems/danmakudeath/an;	Ljava/lang/Object;		0x1
Ljakiganicsystems/danmakudeath/annotation/Keep;	Ljava/lang/Object;		0x2601
Ljakiganicsystems/danmakudeath/ao$a;	Ljava/lang/Enum;		0x4011
Ljakiganicsystems/danmakudeath/ao;	Ljava/lang/Object;		0x11
Ljakiganicsystems/danmakudeath/ap;	Ljava/lang/Object;		0x11
Ljakiganicsystems/danmakudeath/aq$a;	Ljava/lang/Enum;		0x4010
Ljakiganicsystems/danmakudeath/aq;	Ljava/lang/Object;		0x11
Ljakiganicsystems/danmakudeath/ar;	Ljava/lang/Object;		0x11
Ljakiganicsystems/danmakudeath/as;	Ljava/lang/Object;		0x11
Ljakiganicsystems/danmakudeath/at;	Ljava/lang/Object;		0x11
Ljakiganicsystems/danmakudeath/au;	Ljava/lang/Enum;		0x4011
Ljakiganicsystems/danmakudeath/av;	Ljava/lang/Object;		0x11
Ljakiganicsystems/danmakudeath/avatar/AvatarInfo$a;	Ljava/lang/Object;		0x11
Ljakiganicsystems/danmakudeath/avatar/AvatarInfo;	Ljava/lang/Object;		0x1
Ljakiganicsystems/danmakudeath/avatar/a;	Ljava/lang/Object;		0x401
Ljakiganicsystems/danmakudeath/avatar/DroidGreen;	Ljakiganicsystems/danmakudeath/avatar/a;		0x1
Ljakiganicsystems/danmakudeath/avatar/DroidBlue;	Ljakiganicsystems/danmakudeath/avatar/DroidGreen;		0x1
Ljakiganicsystems/danmakudeath/avatar/DroidRed;	Ljakiganicsystems/danmakudeath/avatar/DroidGreen;		0x1
Ljakiganicsystems/danmakudeath/avatar/Gekkou;	Ljakiganicsystems/danmakudeath/avatar/a;		0x1
Ljakiganicsystems/danmakudeath/avatar/Hachi;	Ljakiganicsystems/danmakudeath/avatar/a;		0x1
Ljakiganicsystems/danmakudeath/avatar/Moai;	Ljakiganicsystems/danmakudeath/avatar/a;		0x1
Ljakiganicsystems/danmakudeath/avatar/Reimu;	Ljakiganicsystems/danmakudeath/avatar/a;		0x1
Ljakiganicsystems/danmakudeath/avatar/Shinden;	Ljakiganicsystems/danmakudeath/avatar/a;		0x1
Ljakiganicsystems/danmakudeath/avatar/SpaceShip;	Ljakiganicsystems/danmakudeath/avatar/a;		0x1
Ljakiganicsystems/danmakudeath/avatar/Touhu;	Ljakiganicsystems/danmakudeath/avatar/a;		0x1
Ljakiganicsystems/danmakudeath/avatar/VicViper;	Ljakiganicsystems/danmakudeath/avatar/a;		0x1
Ljakiganicsystems/danmakudeath/avatar/b;	Ljava/lang/Object;		0x11
Ljakiganicsystems/danmakudeath/aw;	Ljava/lang/Object;		0x11
Ljakiganicsystems/danmakudeath/ax;	Ljakiganicsystems/danmakudeath/ay;		0x11
Ljakiganicsystems/danmakudeath/az;	Ljava/lang/Object;		0x11
Ljakiganicsystems/danmakudeath/b/a$a;	Ljava/lang/Enum;		0x4011
Ljakiganicsystems/danmakudeath/y;	Ljakiganicsystems/danmakudeath/an;		0x401
Ljakiganicsystems/danmakudeath/b/a;	Ljakiganicsystems/danmakudeath/y;		0x1
Ljakiganicsystems/danmakudeath/b/aa$a;	Ljava/lang/Enum;		0x4010
Ljakiganicsystems/danmakudeath/b/aa;	Ljakiganicsystems/danmakudeath/b/a;		0x1
Ljakiganicsystems/danmakudeath/b/ab;	Ljakiganicsystems/danmakudeath/b/a;		0x1
Ljakiganicsystems/danmakudeath/b/ac$a;	Ljava/lang/Enum;		0x4010
Ljakiganicsystems/danmakudeath/b/ac$b;	Ljava/lang/Enum;		0x4010
Ljakiganicsystems/danmakudeath/b/ac;	Ljakiganicsystems/danmakudeath/b/a;		0x1
Ljakiganicsystems/danmakudeath/b/ad$a;	Ljava/lang/Object;		0x10
Ljakiganicsystems/danmakudeath/b/ad$b;	Ljava/lang/Enum;		0x4010
Ljakiganicsystems/danmakudeath/b/ad;	Ljakiganicsystems/danmakudeath/b/a;		0x1
Ljakiganicsystems/danmakudeath/b/ae$a;	Ljakiganicsystems/danmakudeath/an;		0x10
Ljakiganicsystems/danmakudeath/b/ae$b;	Ljava/lang/Object;		0x10
Ljakiganicsystems/danmakudeath/b/ae$c;	Ljava/lang/Enum;		0x4010
Ljakiganicsystems/danmakudeath/b/ae$d;	Ljava/lang/Object;		0x10
Ljakiganicsystems/danmakudeath/b/ae;	Ljakiganicsystems/danmakudeath/b/a;		0x1
Ljakiganicsystems/danmakudeath/b/af$a;	Ljava/lang/Enum;		0x4010
Ljakiganicsystems/danmakudeath/b/af$b;	Ljava/lang/Enum;		0x4010
Ljakiganicsystems/danmakudeath/b/af;	Ljakiganicsystems/danmakudeath/b/a;		0x1
Ljakiganicsystems/danmakudeath/b/ag;	Ljava/lang/Enum;		0x4011
Ljakiganicsystems/danmakudeath/b/b$a;	Ljava/lang/Enum;		0x4010
Ljakiganicsystems/danmakudeath/b/b$b;	Ljava/lang/Enum;		0x4010
Ljakiganicsystems/danmakudeath/b/b$c;	Ljava/lang/Object;		0x10
Ljakiganicsystems/danmakudeath/b/b$d;	Ljava/lang/Object;		0x11
Ljakiganicsystems/danmakudeath/b/b$e;	Ljava/lang/Enum;		0x4011
Ljakiganicsystems/danmakudeath/b/b$f;	Ljava/lang/Enum;		0x4011
Ljakiganicsystems/danmakudeath/b/b;	Ljakiganicsystems/danmakudeath/b/a;		0x1
Ljakiganicsystems/danmakudeath/b/c$a$a;	Ljava/lang/Enum;		0x4011
Ljakiganicsystems/danmakudeath/b/c$a;	Ljava/lang/Object;		0x10
Ljakiganicsystems/danmakudeath/b/c$b;	Ljava/lang/Enum;		0x4010
Ljakiganicsystems/danmakudeath/b/c$c;	Ljava/lang/Enum;		0x4010
Ljakiganicsystems/danmakudeath/b/c$d;	Ljava/lang/Enum;		0x4010
Ljakiganicsystems/danmakudeath/b/c;	Ljakiganicsystems/danmakudeath/b/a;		0x1
Ljakiganicsystems/danmakudeath/b/d$a;	Ljava/lang/Object;		0x10
Ljakiganicsystems/danmakudeath/b/d$b;	Ljava/lang/Enum;		0x4011
Ljakiganicsystems/danmakudeath/b/d;	Ljakiganicsystems/danmakudeath/b/a;		0x1
Ljakiganicsystems/danmakudeath/b/e$a;	Ljava/lang/Enum;		0x4010
Ljakiganicsystems/danmakudeath/b/e;	Ljakiganicsystems/danmakudeath/b/a;		0x1
Ljakiganicsystems/danmakudeath/b/f$a;	Ljava/lang/Enum;		0x4010
Ljakiganicsystems/danmakudeath/b/f$b;	Ljava/lang/Enum;		0x4010
Ljakiganicsystems/danmakudeath/b/f;	Ljakiganicsystems/danmakudeath/b/a;		0x1
Ljakiganicsystems/danmakudeath/b/g;	Ljakiganicsystems/danmakudeath/b/a;		0x1
Ljakiganicsystems/danmakudeath/b/h$a;	Ljava/lang/Enum;		0x4010
Ljakiganicsystems/danmakudeath/b/h;	Ljakiganicsystems/danmakudeath/b/a;		0x1
Ljakiganicsystems/danmakudeath/b/i$a;	Ljakiganicsystems/danmakudeath/an;		0x10
Ljakiganicsystems/danmakudeath/b/i$b;	Ljava/lang/Object;		0x10
Ljakiganicsystems/danmakudeath/b/i$c;	Ljava/lang/Enum;		0x4011
Ljakiganicsystems/danmakudeath/b/i$d;	Ljava/lang/Enum;		0x4011
Ljakiganicsystems/danmakudeath/b/i$e;	Ljava/lang/Enum;		0x4010
Ljakiganicsystems/danmakudeath/b/i;	Ljakiganicsystems/danmakudeath/b/a;		0x1
Ljakiganicsystems/danmakudeath/b/j$a;	Ljava/lang/Enum;		0x4010
Ljakiganicsystems/danmakudeath/b/j;	Ljakiganicsystems/danmakudeath/b/a;		0x1
Ljakiganicsystems/danmakudeath/b/k$a;	Ljava/lang/Enum;		0x4010
Ljakiganicsystems/danmakudeath/b/k$b;	Ljava/lang/Object;		0x10
Ljakiganicsystems/danmakudeath/b/k$c;	Ljava/lang/Object;		0x10
Ljakiganicsystems/danmakudeath/b/k$d;	Ljava/lang/Object;		0x10
Ljakiganicsystems/danmakudeath/b/k$e;	Ljava/lang/Object;		0x10
Ljakiganicsystems/danmakudeath/b/k$f;	Ljava/lang/Enum;		0x4010
Ljakiganicsystems/danmakudeath/b/k$g;	Ljava/lang/Enum;		0x4010
Ljakiganicsystems/danmakudeath/b/k;	Ljakiganicsystems/danmakudeath/b/a;		0x1
Ljakiganicsystems/danmakudeath/b/l;	Ljakiganicsystems/danmakudeath/b/a;		0x1
Ljakiganicsystems/danmakudeath/b/m$a;	Ljakiganicsystems/danmakudeath/y;		0x10
Ljakiganicsystems/danmakudeath/b/m$b;	Ljava/lang/Object;		0x10
Ljakiganicsystems/danmakudeath/b/m$c;	Ljakiganicsystems/danmakudeath/y;		0x10
Ljakiganicsystems/danmakudeath/b/m$d;	Ljava/lang/Enum;		0x4010
Ljakiganicsystems/danmakudeath/b/m$e;	Ljava/lang/Enum;		0x4010
Ljakiganicsystems/danmakudeath/b/m$f;	Ljava/lang/Enum;		0x4010
Ljakiganicsystems/danmakudeath/b/m$g;	Ljava/lang/Object;		0x10
Ljakiganicsystems/danmakudeath/b/m$h;	Ljava/lang/Object;		0x10
Ljakiganicsystems/danmakudeath/b/m$i;	Ljava/lang/Enum;		0x4010
Ljakiganicsystems/danmakudeath/b/m$j;	Ljava/lang/Enum;		0x4010
Ljakiganicsystems/danmakudeath/b/m;	Ljakiganicsystems/danmakudeath/b/a;		0x1
Ljakiganicsystems/danmakudeath/b/n$a;	Ljava/lang/Enum;		0x4010
Ljakiganicsystems/danmakudeath/b/n;	Ljakiganicsystems/danmakudeath/b/a;		0x1
Ljakiganicsystems/danmakudeath/b/o$a;	Ljava/lang/Enum;		0x4010
Ljakiganicsystems/danmakudeath/b/o;	Ljakiganicsystems/danmakudeath/b/a;		0x1
Ljakiganicsystems/danmakudeath/b/p;	Ljakiganicsystems/danmakudeath/b/a;		0x1
Ljakiganicsystems/danmakudeath/b/q$a;	Ljakiganicsystems/danmakudeath/an;		0x10
Ljakiganicsystems/danmakudeath/b/q$b;	Ljava/lang/Enum;		0x4010
Ljakiganicsystems/danmakudeath/b/q$c;	Ljava/lang/Enum;		0x4010
Ljakiganicsystems/danmakudeath/b/q;	Ljakiganicsystems/danmakudeath/b/a;		0x1
Ljakiganicsystems/danmakudeath/b/r$a;	Ljakiganicsystems/danmakudeath/y;		0x10
Ljakiganicsystems/danmakudeath/b/r$b;	Ljava/lang/Enum;		0x4011
Ljakiganicsystems/danmakudeath/b/r$c;	Ljava/lang/Enum;		0x4011
Ljakiganicsystems/danmakudeath/b/r;	Ljakiganicsystems/danmakudeath/b/a;		0x1
Ljakiganicsystems/danmakudeath/b/s$a;	Ljakiganicsystems/danmakudeath/y;		0x10
Ljakiganicsystems/danmakudeath/b/s$b;	Ljava/lang/Object;		0x10
Ljakiganicsystems/danmakudeath/b/s$c;	Ljava/lang/Enum;		0x4011
Ljakiganicsystems/danmakudeath/b/s$d;	Ljava/lang/Enum;		0x4011
Ljakiganicsystems/danmakudeath/b/s$e;	Ljava/lang/Object;		0x11
Ljakiganicsystems/danmakudeath/b/s$f;	Ljava/lang/Enum;		0x4011
Ljakiganicsystems/danmakudeath/b/s$g;	Ljakiganicsystems/danmakudeath/an;		0x11
Ljakiganicsystems/danmakudeath/b/s;	Ljakiganicsystems/danmakudeath/b/a;		0x1
Ljakiganicsystems/danmakudeath/b/t;	Ljakiganicsystems/danmakudeath/b/a;		0x1
Ljakiganicsystems/danmakudeath/b/u$a;	Ljava/lang/Enum;		0x4010
Ljakiganicsystems/danmakudeath/b/u$b;	Ljava/lang/Object;		0x10
Ljakiganicsystems/danmakudeath/b/u$c;	Ljava/lang/Enum;		0x4010
Ljakiganicsystems/danmakudeath/b/u;	Ljakiganicsystems/danmakudeath/b/a;		0x1
Ljakiganicsystems/danmakudeath/b/v$a;	Ljava/lang/Enum;		0x4010
Ljakiganicsystems/danmakudeath/b/v$b;	Ljava/lang/Enum;		0x4010
Ljakiganicsystems/danmakudeath/b/v$c;	Ljava/lang/Enum;		0x4010
Ljakiganicsystems/danmakudeath/b/v;	Ljakiganicsystems/danmakudeath/b/a;		0x1
Ljakiganicsystems/danmakudeath/b/w;	Ljakiganicsystems/danmakudeath/b/a;		0x1
Ljakiganicsystems/danmakudeath/b/x;	Ljakiganicsystems/danmakudeath/b/a;		0x1
Ljakiganicsystems/danmakudeath/b/y$a;	Ljava/lang/Enum;		0x4010
Ljakiganicsystems/danmakudeath/b/y$b;	Ljava/lang/Object;		0x10
Ljakiganicsystems/danmakudeath/b/y$c;	Ljava/lang/Enum;		0x4010
Ljakiganicsystems/danmakudeath/b/y;	Ljakiganicsystems/danmakudeath/b/a;		0x1
Ljakiganicsystems/danmakudeath/b/z$a;	Ljava/lang/Enum;		0x4010
Ljakiganicsystems/danmakudeath/b/z$b;	Ljava/lang/Enum;		0x4010
Ljakiganicsystems/danmakudeath/b/z$c;	Ljava/lang/Enum;		0x4010
Ljakiganicsystems/danmakudeath/b/z;	Ljakiganicsystems/danmakudeath/b/a;		0x1
Ljakiganicsystems/danmakudeath/b;	Ljava/lang/Object;		0x10
Ljakiganicsystems/danmakudeath/ba;	Ljava/lang/Object;		0x11
Ljakiganicsystems/danmakudeath/bb;	Ljava/lang/Object;		0x11
Ljakiganicsystems/danmakudeath/bc$a;	Ljava/lang/Object;		0x11
Ljakiganicsystems/danmakudeath/bc$b;	Ljava/lang/Enum;		0x4011
Ljakiganicsystems/danmakudeath/bc;	Ljava/lang/Object;		0x11
Ljakiganicsystems/danmakudeath/bd;	Ljava/lang/Object;		0x11
Ljakiganicsystems/danmakudeath/be$a;	Ljava/lang/Object;		0x10
Ljakiganicsystems/danmakudeath/be;	Ljava/lang/Object;		0x11
Ljakiganicsystems/danmakudeath/bf;	Ljava/lang/Enum;		0x4011
Ljakiganicsystems/danmakudeath/c/a;	Ljava/lang/Object;		0x11
Ljakiganicsystems/danmakudeath/c;	Ljava/lang/Object;		0x10
Ljakiganicsystems/danmakudeath/d/a$a;	Ljava/lang/Object;		0x10
Ljakiganicsystems/danmakudeath/d/a$b;	Ljava/lang/Object;		0x10
Ljakiganicsystems/danmakudeath/d/a;	Ljava/lang/Object;		0x11
Ljakiganicsystems/danmakudeath/d/b;	Ljava/lang/Object;		0x11
Ljakiganicsystems/danmakudeath/d;	Ljava/lang/Object;		0x10
Ljakiganicsystems/danmakudeath/db/Information;	Ljava/lang/Object;		0x1
Ljakiganicsystems/danmakudeath/db/Informations;	Ljava/lang/Object;		0x1
Ljakiganicsystems/danmakudeath/db/a;	Ljava/lang/Object;		0x11
Ljakiganicsystems/danmakudeath/db/b;	Ljava/lang/Exception;		0x11
Ljakiganicsystems/danmakudeath/db/c;	Ljava/lang/Exception;		0x11
Ljakiganicsystems/danmakudeath/db/d;	Landroid/database/sqlite/SQLiteOpenHelper;		0x11
Ljakiganicsystems/danmakudeath/db/e;	Ljava/lang/Object;		0x11
Ljakiganicsystems/danmakudeath/db/f;	Ljava/lang/Object;		0x11
Ljakiganicsystems/danmakudeath/db/g;	Ljava/lang/Object;		0x11
Ljakiganicsystems/danmakudeath/e/a/a$a;	Ljava/lang/Enum;		0x4011
Ljakiganicsystems/danmakudeath/e/a/a;	Ljakiganicsystems/danmakudeath/an;		0x401
Ljakiganicsystems/danmakudeath/e/a/b$a;	Ljava/lang/Object;		0x10
Ljakiganicsystems/danmakudeath/e/a/b;	Ljava/lang/Object;		0x11
Ljakiganicsystems/danmakudeath/e/a/c$a;	Ljava/lang/Object;		0x11
Ljakiganicsystems/danmakudeath/e/a/c;	Ljakiganicsystems/danmakudeath/e/a/a;		0x1
Ljakiganicsystems/danmakudeath/e/a/d$a;	Ljava/lang/Object;		0x11
Ljakiganicsystems/danmakudeath/e/a/d;	Ljakiganicsystems/danmakudeath/e/a/a;		0x1
Ljakiganicsystems/danmakudeath/e/a;	Ljava/lang/Object;		0x11
Ljakiganicsystems/danmakudeath/e/b;	Ljava/lang/Object;		0x11
Ljakiganicsystems/danmakudeath/e/c;	Ljava/lang/Object;		0x11
Ljakiganicsystems/danmakudeath/e/d;	Ljava/lang/Object;		0x11
Ljakiganicsystems/danmakudeath/e/e$a;	Ljava/lang/Enum;		0x4011
Ljakiganicsystems/danmakudeath/e/e$b;	Ljava/lang/Enum;		0x4011
Ljakiganicsystems/danmakudeath/e/e;	Ljava/lang/Object;		0x11
Ljakiganicsystems/danmakudeath/e/f;	Ljava/lang/Object;		0x11
Ljakiganicsystems/danmakudeath/e;	Ljava/lang/Object;		0x10
Ljakiganicsystems/danmakudeath/f/a;	Ljava/lang/Object;		0x401
Ljakiganicsystems/danmakudeath/f/b;	Ljava/lang/Object;		0x11
Ljakiganicsystems/danmakudeath/f;	Ljava/lang/Object;		0x10
Ljakiganicsystems/danmakudeath/firstaniv/GameBaseFirstAniv;	Ljakiganicsystems/danmakudeath/GameBase;		0x1
Ljakiganicsystems/danmakudeath/firstaniv/a$a;	Ljava/lang/Object;		0x10
Ljakiganicsystems/danmakudeath/firstaniv/a$b;	Ljava/lang/Object;		0x10
Ljakiganicsystems/danmakudeath/firstaniv/a$c;	Ljava/lang/Object;		0x10
Ljakiganicsystems/danmakudeath/firstaniv/a$d;	Ljava/lang/Object;		0x10
Ljakiganicsystems/danmakudeath/firstaniv/a$e;	Ljava/lang/Object;		0x10
Ljakiganicsystems/danmakudeath/firstaniv/a$f;	Ljava/lang/Object;		0x10
Ljakiganicsystems/danmakudeath/firstaniv/a;	Ljakiganicsystems/danmakudeath/b/a;		0x11
Ljakiganicsystems/danmakudeath/firstaniv/b;	Ljava/lang/Object;		0x11
Ljakiganicsystems/danmakudeath/firstaniv/c;	Ljakiganicsystems/danmakudeath/ad;		0x401
Ljakiganicsystems/danmakudeath/firstaniv/d;	Ljava/lang/Object;		0x10
Ljakiganicsystems/danmakudeath/firstaniv/e;	Ljava/lang/Object;		0x10
Ljakiganicsystems/danmakudeath/firstaniv/f;	Ljakiganicsystems/danmakudeath/firstaniv/c;		0x11
Ljakiganicsystems/danmakudeath/firstaniv/g;	Ljava/lang/Object;		0x10
Ljakiganicsystems/danmakudeath/firstaniv/h;	Ljakiganicsystems/danmakudeath/firstaniv/c;		0x401
Ljakiganicsystems/danmakudeath/firstaniv/i;	Ljakiganicsystems/danmakudeath/firstaniv/h;		0x11
Ljakiganicsystems/danmakudeath/firstaniv/j;	Ljakiganicsystems/danmakudeath/firstaniv/h;		0x11
Ljakiganicsystems/danmakudeath/firstaniv/k;	Ljakiganicsystems/danmakudeath/firstaniv/h;		0x11
Ljakiganicsystems/danmakudeath/firstaniv/l$a;	Ljava/lang/Object;		0x10
Ljakiganicsystems/danmakudeath/firstaniv/l;	Ljava/lang/Object;		0x11
Ljakiganicsystems/danmakudeath/g/a;	Ljava/lang/Object;		0x11
Ljakiganicsystems/danmakudeath/g;	Ljava/lang/Object;		0x10
Ljakiganicsystems/danmakudeath/h/f;	Ljava/lang/Object;		0x401
Ljakiganicsystems/danmakudeath/h/a;	Ljakiganicsystems/danmakudeath/h/f;		0x11
Ljakiganicsystems/danmakudeath/h/b;	Ljakiganicsystems/danmakudeath/h/f;		0x11
Ljakiganicsystems/danmakudeath/h/c$a;	Ljava/lang/Enum;		0x4011
Ljakiganicsystems/danmakudeath/h/c;	Ljakiganicsystems/danmakudeath/h/f;		0x11
Ljakiganicsystems/danmakudeath/h/d;	Ljakiganicsystems/danmakudeath/h/f;		0x11
Ljakiganicsystems/danmakudeath/h/e;	Ljakiganicsystems/danmakudeath/h/f;		0x11
Ljakiganicsystems/danmakudeath/h;	Ljava/lang/Object;		0x10
Ljakiganicsystems/danmakudeath/i/a;	Ljava/lang/Object;		0x1
Ljakiganicsystems/danmakudeath/i/b;	Ljakiganicsystems/danmakudeath/i/a;		0x11
Ljakiganicsystems/danmakudeath/i/c;	Ljava/lang/Object;		0x11
Ljakiganicsystems/danmakudeath/i;	Ljava/lang/Object;		0x10
Ljakiganicsystems/danmakudeath/j$a;	Ljava/lang/Enum;		0x4011
Ljakiganicsystems/danmakudeath/j/a/a;	Ljakiganicsystems/danmakudeath/b/a;		0x1
Ljakiganicsystems/danmakudeath/j/a/b$a;	Ljava/lang/Enum;		0x4010
Ljakiganicsystems/danmakudeath/j/a/b;	Ljakiganicsystems/danmakudeath/j/a/a;		0x1
Ljakiganicsystems/danmakudeath/j/a/c$a;	Ljava/lang/Enum;		0x4010
Ljakiganicsystems/danmakudeath/j/a/c;	Ljakiganicsystems/danmakudeath/j/a/a;		0x1
Ljakiganicsystems/danmakudeath/j/a;	Ljava/lang/Object;		0x11
Ljakiganicsystems/danmakudeath/j/b;	Ljava/lang/Object;		0x11
Ljakiganicsystems/danmakudeath/j/c;	Ljakiganicsystems/danmakudeath/ad;		0x401
Ljakiganicsystems/danmakudeath/j/d;	Ljakiganicsystems/danmakudeath/j/c;		0x11
Ljakiganicsystems/danmakudeath/j/e;	Ljava/lang/Object;		0x10
Ljakiganicsystems/danmakudeath/j/f$a;	Ljava/lang/Object;		0x10
Ljakiganicsystems/danmakudeath/j/f;	Ljava/lang/Object;		0x11
Ljakiganicsystems/danmakudeath/j;	Ljava/lang/Object;		0x11
Ljakiganicsystems/danmakudeath/k/a;	Ljava/lang/Object;		0x11
Ljakiganicsystems/danmakudeath/k;	Ljava/lang/Object;		0x11
Ljakiganicsystems/danmakudeath/l;	Ljava/lang/Object;		0x11
Ljakiganicsystems/danmakudeath/m;	Ljava/lang/Object;		0x11
Ljakiganicsystems/danmakudeath/menu/AvatarSelectActivity$a;	Landroid/widget/ArrayAdapter;		0x11
Ljakiganicsystems/danmakudeath/menu/AvatarSelectActivity$b;	Ljava/lang/Object;		0x10
Ljakiganicsystems/danmakudeath/menu/AvatarSelectActivity;	Landroid/app/Activity;		0x1
Ljakiganicsystems/danmakudeath/menu/AvatarSizeDialogActivity;	Landroid/app/Activity;		0x1
Ljakiganicsystems/danmakudeath/menu/DanmakuPreferenceActivity;	Landroid/preference/PreferenceActivity;		0x1
Ljakiganicsystems/danmakudeath/menu/ExtraActivity;	Landroid/app/Activity;		0x1
Ljakiganicsystems/danmakudeath/menu/InformationActivity$a;	Landroid/widget/ArrayAdapter;		0x10
Ljakiganicsystems/danmakudeath/menu/InformationActivity$b;	Ljava/lang/Object;		0x10
Ljakiganicsystems/danmakudeath/menu/InformationActivity;	Landroid/app/Activity;		0x1
Ljakiganicsystems/danmakudeath/menu/InputNameActivity;	Landroid/app/Activity;		0x1
Ljakiganicsystems/danmakudeath/menu/LeaderbordActivity$a;	Landroid/widget/ArrayAdapter;		0x10
Ljakiganicsystems/danmakudeath/menu/LeaderbordActivity$b;	Ljava/lang/Object;		0x10
Ljakiganicsystems/danmakudeath/menu/LeaderbordActivity;	Landroid/app/Activity;		0x1
Ljakiganicsystems/danmakudeath/menu/ReportActivity;	Landroid/app/Activity;		0x1
Ljakiganicsystems/danmakudeath/menu/SeekbarDialogActivity;	Landroid/app/Activity;		0x1
Ljakiganicsystems/danmakudeath/menu/SensitivityDialogActivity;	Landroid/app/Activity;		0x1
Ljakiganicsystems/danmakudeath/menu/SplashActivity;	Landroid/app/Activity;		0x1
Ljakiganicsystems/danmakudeath/menu/StageDetailActivity;	Landroid/app/Activity;		0x1
Ljakiganicsystems/danmakudeath/menu/StageSelectActivity$a;	Landroid/widget/ArrayAdapter;		0x11
Ljakiganicsystems/danmakudeath/menu/StageSelectActivity$b;	Ljava/lang/Object;		0x10
Ljakiganicsystems/danmakudeath/menu/StageSelectActivity$c;	Ljava/lang/Object;		0x10
Ljakiganicsystems/danmakudeath/menu/StageSelectActivity;	Landroid/app/Activity;		0x1
Ljakiganicsystems/danmakudeath/menu/StageTestActivity;	Landroid/app/Activity;		0x1
Ljakiganicsystems/danmakudeath/menu/TitleActivity;	Landroid/app/Activity;		0x1
Ljakiganicsystems/danmakudeath/menu/a;	Ljava/lang/Object;		0x10
Ljakiganicsystems/danmakudeath/menu/aa;	Ljava/lang/Object;		0x10
Ljakiganicsystems/danmakudeath/menu/ab;	Ljava/lang/Object;		0x10
Ljakiganicsystems/danmakudeath/menu/ac;	Ljava/lang/Object;		0x10
Ljakiganicsystems/danmakudeath/menu/ad;	Ljava/lang/Object;		0x10
Ljakiganicsystems/danmakudeath/menu/ae;	Ljava/lang/Object;		0x10
Ljakiganicsystems/danmakudeath/menu/af;	Ljava/lang/Object;		0x10
Ljakiganicsystems/danmakudeath/menu/ag;	Ljava/lang/Object;		0x10
Ljakiganicsystems/danmakudeath/menu/ah;	Ljava/lang/Object;		0x10
Ljakiganicsystems/danmakudeath/menu/ai;	Ljava/lang/Object;		0x10
Ljakiganicsystems/danmakudeath/menu/aj;	Ljava/lang/Object;		0x10
Ljakiganicsystems/danmakudeath/menu/ak;	Ljava/lang/Object;		0x10
Ljakiganicsystems/danmakudeath/menu/ar$a;	Ljava/lang/Object;		0x601
Ljakiganicsystems/danmakudeath/menu/al;	Ljava/lang/Object;		0x10
Ljakiganicsystems/danmakudeath/menu/am;	Ljava/lang/Object;		0x10
Ljakiganicsystems/danmakudeath/menu/an$a;	Ljava/lang/Object;		0x601
Ljakiganicsystems/danmakudeath/menu/an;	Landroid/os/AsyncTask;		0x11
Ljakiganicsystems/danmakudeath/menu/ao;	Ljava/lang/Object;		0x10
Ljakiganicsystems/danmakudeath/menu/ap;	Ljava/lang/Object;		0x10
Ljakiganicsystems/danmakudeath/menu/aq;	Ljava/lang/Object;		0x10
Ljakiganicsystems/danmakudeath/menu/ar;	Landroid/os/AsyncTask;		0x11
Ljakiganicsystems/danmakudeath/menu/as;	Ljava/lang/Object;		0x10
Ljakiganicsystems/danmakudeath/menu/at;	Ljava/lang/Object;		0x10
Ljakiganicsystems/danmakudeath/menu/au;	Ljava/lang/Object;		0x10
Ljakiganicsystems/danmakudeath/menu/av;	Ljava/lang/Object;		0x10
Ljakiganicsystems/danmakudeath/menu/aw;	Ljava/lang/Object;		0x10
Ljakiganicsystems/danmakudeath/menu/ax;	Ljava/lang/Object;		0x10
Ljakiganicsystems/danmakudeath/menu/ay;	Ljava/lang/Object;		0x10
Ljakiganicsystems/danmakudeath/menu/az;	Ljava/lang/Object;		0x10
Ljakiganicsystems/danmakudeath/menu/b;	Ljava/lang/Object;		0x10
Ljakiganicsystems/danmakudeath/menu/ba;	Ljava/lang/Object;		0x10
Ljakiganicsystems/danmakudeath/menu/bb;	Ljava/lang/Object;		0x10
Ljakiganicsystems/danmakudeath/menu/bc;	Ljava/lang/Object;		0x10
Ljakiganicsystems/danmakudeath/menu/bd;	Ljava/lang/Object;		0x10
Ljakiganicsystems/danmakudeath/menu/be;	Ljava/lang/Object;		0x10
Ljakiganicsystems/danmakudeath/menu/bf;	Ljava/lang/Object;		0x10
Ljakiganicsystems/danmakudeath/menu/bg;	Ljava/lang/Object;		0x10
Ljakiganicsystems/danmakudeath/menu/bh;	Ljava/lang/Object;		0x10
Ljakiganicsystems/danmakudeath/menu/bi;	Ljava/lang/Object;		0x10
Ljakiganicsystems/danmakudeath/menu/bj;	Ljava/lang/Object;		0x10
Ljakiganicsystems/danmakudeath/menu/bk;	Ljava/lang/Object;		0x10
Ljakiganicsystems/danmakudeath/menu/bl;	Ljava/lang/Object;		0x10
Ljakiganicsystems/danmakudeath/menu/bm;	Ljava/lang/Object;		0x10
Ljakiganicsystems/danmakudeath/menu/bn;	Ljava/lang/Object;		0x10
Ljakiganicsystems/danmakudeath/menu/bo;	Ljava/lang/Object;		0x10
Ljakiganicsystems/danmakudeath/menu/bp;	Ljava/lang/Object;		0x10
Ljakiganicsystems/danmakudeath/menu/bq;	Ljava/lang/Object;		0x10
Ljakiganicsystems/danmakudeath/menu/br;	Ljava/lang/Object;		0x10
Ljakiganicsystems/danmakudeath/menu/bs;	Ljava/lang/Object;		0x10
Ljakiganicsystems/danmakudeath/menu/bt;	Ljava/lang/Object;		0x10
Ljakiganicsystems/danmakudeath/menu/bu;	Ljava/lang/Object;		0x10
Ljakiganicsystems/danmakudeath/menu/bv;	Ljava/lang/Object;		0x10
Ljakiganicsystems/danmakudeath/menu/bw;	Ljava/lang/Object;		0x10
Ljakiganicsystems/danmakudeath/menu/bx;	Ljava/lang/Object;		0x10
Ljakiganicsystems/danmakudeath/menu/by;	Ljava/lang/Object;		0x10
Ljakiganicsystems/danmakudeath/menu/bz;	Ljava/lang/Object;		0x10
Ljakiganicsystems/danmakudeath/menu/c;	Ljava/lang/Object;		0x10
Ljakiganicsystems/danmakudeath/menu/ca;	Ljava/lang/Object;		0x10
Ljakiganicsystems/danmakudeath/menu/cb;	Ljava/lang/Object;		0x11
Ljakiganicsystems/danmakudeath/menu/d;	Ljava/lang/Object;		0x10
Ljakiganicsystems/danmakudeath/menu/e;	Ljava/lang/Object;		0x10
Ljakiganicsystems/danmakudeath/menu/f;	Ljava/lang/Object;		0x10
Ljakiganicsystems/danmakudeath/menu/g;	Ljava/lang/Object;		0x10
Ljakiganicsystems/danmakudeath/menu/h;	Ljava/lang/Object;		0x10
Ljakiganicsystems/danmakudeath/menu/i;	Ljava/lang/Object;		0x10
Ljakiganicsystems/danmakudeath/menu/j;	Ljava/lang/Object;		0x10
Ljakiganicsystems/danmakudeath/menu/k;	Ljava/lang/Object;		0x10
Ljakiganicsystems/danmakudeath/menu/l;	Ljava/lang/Object;		0x10
Ljakiganicsystems/danmakudeath/menu/m$a;	Ljava/lang/Enum;		0x4011
Ljakiganicsystems/danmakudeath/menu/m$b;	Ljava/lang/Object;		0x10
Ljakiganicsystems/danmakudeath/menu/m;	Ljava/lang/Object;		0x11
Ljakiganicsystems/danmakudeath/menu/n;	Ljava/lang/Object;		0x10
Ljakiganicsystems/danmakudeath/menu/o;	Ljava/lang/Object;		0x10
Ljakiganicsystems/danmakudeath/menu/p;	Ljava/lang/Object;		0x11
Ljakiganicsystems/danmakudeath/menu/q;	Ljava/lang/Object;		0x10
Ljakiganicsystems/danmakudeath/menu/r;	Ljava/lang/Object;		0x10
Ljakiganicsystems/danmakudeath/menu/s;	Ljava/lang/Object;		0x10
Ljakiganicsystems/danmakudeath/menu/t;	Ljava/lang/Object;		0x10
Ljakiganicsystems/danmakudeath/menu/u;	Ljava/lang/Object;		0x10
Ljakiganicsystems/danmakudeath/menu/v;	Ljava/lang/Object;		0x10
Ljakiganicsystems/danmakudeath/menu/w;	Ljava/lang/Object;		0x10
Ljakiganicsystems/danmakudeath/menu/x;	Ljava/lang/Object;		0x10
Ljakiganicsystems/danmakudeath/menu/y;	Ljava/lang/Object;		0x10
Ljakiganicsystems/danmakudeath/menu/z;	Ljava/lang/Object;		0x10
Ljakiganicsystems/danmakudeath/n;	Ljava/lang/Enum;		0x4011
Ljakiganicsystems/danmakudeath/o;	Ljava/lang/Object;		0x11
Ljakiganicsystems/danmakudeath/p$a;	Ljava/lang/Object;		0x11
Ljakiganicsystems/danmakudeath/p;	Ljava/lang/Object;		0x11
Ljakiganicsystems/danmakudeath/q;	Ljava/lang/Enum;		0x4011
Ljakiganicsystems/danmakudeath/r;	Ljava/lang/Object;		0x11
Ljakiganicsystems/danmakudeath/s$a;	Ljava/lang/Object;		0x10
Ljakiganicsystems/danmakudeath/s;	Ljava/lang/Object;		0x11
Ljakiganicsystems/danmakudeath/t;	Ljava/lang/Object;		0x11
Ljakiganicsystems/danmakudeath/u;	Ljava/lang/Object;		0x11
Ljakiganicsystems/danmakudeath/v;	Ljava/lang/Object;		0x11
Ljakiganicsystems/danmakudeath/w;	Ljava/lang/Object;		0x11
Ljakiganicsystems/danmakudeath/x;	Ljava/lang/Object;		0x11
Ljakiganicsystems/danmakudeath/z$a;	Ljava/lang/Enum;		0x4010
Ljakiganicsystems/danmakudeath/z;	Ljava/lang/Object;		0x11
Ljp/co/cayto/appc/sdk/android/AppC;	Ljava/lang/Object;		0x11
Ljp/co/cayto/appc/sdk/android/AppCAgreementActivity;	Landroid/app/Activity;		0x1
Ljp/co/cayto/appc/sdk/android/AppCBannerView$a;	Landroid/os/AsyncTask;		0x10
Ljp/co/cayto/appc/sdk/android/AppCBannerView$b;	Landroid/support/v4/view/PagerAdapter;		0x10
Ljp/co/cayto/appc/sdk/android/AppCBannerView;	Landroid/widget/LinearLayout;		0x11
Ljp/co/cayto/appc/sdk/android/AppCCutinView$ICutInView;	Ljava/lang/Object;		0x601
Ljp/co/cayto/appc/sdk/android/AppCCutinView;	Ljava/lang/Object;		0x11
Ljp/co/cayto/appc/sdk/android/AppCMarqueeView$a;	Landroid/os/AsyncTask;		0x10
Ljp/co/cayto/appc/sdk/android/AppCMarqueeView;	Landroid/widget/LinearLayout;		0x11
Ljp/co/cayto/appc/sdk/android/AppCMoveIconView$a;	Landroid/os/AsyncTask;		0x10
Ljp/co/cayto/appc/sdk/android/AppCMoveIconView$b;	Ljava/lang/Object;		0x10
Ljp/co/cayto/appc/sdk/android/AppCMoveIconView$c;	Landroid/support/v4/view/PagerAdapter;		0x10
Ljp/co/cayto/appc/sdk/android/AppCMoveIconView$d;	Ljava/lang/Object;		0x10
Ljp/co/cayto/appc/sdk/android/AppCMoveIconView$e;	Ljava/lang/Object;		0x10
Ljp/co/cayto/appc/sdk/android/AppCMoveIconView;	Landroid/widget/LinearLayout;		0x11
Ljp/co/cayto/appc/sdk/android/AppCSimpleView;	Landroid/widget/LinearLayout;		0x11
Ljp/co/cayto/appc/sdk/android/AppCWebActivity$a;	Landroid/webkit/WebChromeClient;		0x10
Ljp/co/cayto/appc/sdk/android/AppCWebActivity$b;	Landroid/webkit/WebViewClient;		0x10
Ljp/co/cayto/appc/sdk/android/AppCWebActivity;	Landroid/app/Activity;		0x1
Ljp/co/cayto/appc/sdk/android/a/a$a;	Landroid/os/AsyncTask;		0x10
Ljp/co/cayto/appc/sdk/android/a/a;	Ljava/lang/Object;		0x11
Ljp/co/cayto/appc/sdk/android/a/b;	Ljava/lang/Object;		0x10
Ljp/co/cayto/appc/sdk/android/a/c;	Ljava/lang/Object;		0x10
Ljp/co/cayto/appc/sdk/android/a/d;	Landroid/content/BroadcastReceiver;		0x10
Ljp/co/cayto/appc/sdk/android/a/e;	Ljava/lang/Object;		0x10
Ljp/co/cayto/appc/sdk/android/a/f;	Landroid/content/BroadcastReceiver;		0x10
Ljp/co/cayto/appc/sdk/android/a/g;	Landroid/content/BroadcastReceiver;		0x10
Ljp/co/cayto/appc/sdk/android/a/h;	Landroid/database/sqlite/SQLiteOpenHelper;		0x11
Ljp/co/cayto/appc/sdk/android/a/i;	Ljava/lang/Object;		0x11
Ljp/co/cayto/appc/sdk/android/a/j;	Ljava/lang/Object;		0x11
Ljp/co/cayto/appc/sdk/android/a/k;	Ljava/lang/Object;		0x11
Ljp/co/cayto/appc/sdk/android/a/l;	Ljava/lang/Object;		0x10
Ljp/co/cayto/appc/sdk/android/a;	Ljava/lang/Object;		0x10
Ljp/co/cayto/appc/sdk/android/b/a;	Ljava/lang/Object;		0x11
Ljp/co/cayto/appc/sdk/android/b/b;	Ljava/lang/Object;		0x11
Ljp/co/cayto/appc/sdk/android/b;	Ljava/lang/Object;		0x10
Ljp/co/cayto/appc/sdk/android/background/BgAppReceiver;	Landroid/content/BroadcastReceiver;		0x11
Ljp/co/cayto/appc/sdk/android/background/BootStrap;	Landroid/content/BroadcastReceiver;		0x1
Ljp/co/cayto/appc/sdk/android/background/IDService;	Landroid/app/Service;		0x11
Ljp/co/cayto/appc/sdk/android/background/a;	Ljava/lang/Thread;		0x10
Ljp/co/cayto/appc/sdk/android/c/a/a;	Ljava/lang/Object;		0x11
Ljp/co/cayto/appc/sdk/android/c/a/aa;	Ljava/lang/Object;		0x11
Ljp/co/cayto/appc/sdk/android/c/a/ab;	Ljava/lang/Object;		0x11
Ljp/co/cayto/appc/sdk/android/c/a/ac;	Ljava/lang/Object;		0x11
Ljp/co/cayto/appc/sdk/android/c/a/ad;	Ljava/lang/Object;		0x11
Ljp/co/cayto/appc/sdk/android/c/a/ae;	Ljava/lang/Object;		0x11
Ljp/co/cayto/appc/sdk/android/c/a/af;	Ljava/lang/Object;		0x11
Ljp/co/cayto/appc/sdk/android/c/a/ah;	Ljava/lang/Object;		0x11
Ljp/co/cayto/appc/sdk/android/c/a/ai;	Ljava/lang/Object;		0x11
Ljp/co/cayto/appc/sdk/android/c/a/aj;	Ljava/lang/Object;		0x11
Ljp/co/cayto/appc/sdk/android/c/a/e;	Ljava/lang/Object;		0x11
Ljp/co/cayto/appc/sdk/android/c/a/f;	Ljava/lang/Object;		0x11
Ljp/co/cayto/appc/sdk/android/c/a/g;	Ljava/lang/Object;		0x11
Ljp/co/cayto/appc/sdk/android/c/a/h;	Ljava/lang/Object;		0x11
Ljp/co/cayto/appc/sdk/android/c/a/i;	Ljava/lang/Object;		0x11
Ljp/co/cayto/appc/sdk/android/c/a/j;	Ljava/lang/Object;		0x11
Ljp/co/cayto/appc/sdk/android/c/a/k;	Ljava/lang/Object;		0x11
Ljp/co/cayto/appc/sdk/android/c/a/l;	Ljava/lang/Object;		0x11
Ljp/co/cayto/appc/sdk/android/c/a/m;	Ljava/lang/Object;		0x11
Ljp/co/cayto/appc/sdk/android/c/a/n;	Ljava/lang/Object;		0x11
Ljp/co/cayto/appc/sdk/android/c/a/o;	Ljava/lang/Object;		0x11
Ljp/co/cayto/appc/sdk/android/c/a/p;	Ljava/lang/Object;		0x11
Ljp/co/cayto/appc/sdk/android/c/a/q;	Ljava/lang/Object;		0x11
Ljp/co/cayto/appc/sdk/android/c/a/r;	Ljava/lang/Object;		0x11
Ljp/co/cayto/appc/sdk/android/c/a/s;	Ljava/lang/Object;		0x11
Ljp/co/cayto/appc/sdk/android/c/a/t;	Ljava/lang/Object;		0x11
Ljp/co/cayto/appc/sdk/android/c/a/u;	Ljava/lang/Object;		0x11
Ljp/co/cayto/appc/sdk/android/c/a/v;	Ljava/lang/Object;		0x11
Ljp/co/cayto/appc/sdk/android/c/a/w;	Ljava/lang/Object;		0x11
Ljp/co/cayto/appc/sdk/android/c/a/x;	Ljava/lang/Object;		0x11
Ljp/co/cayto/appc/sdk/android/c/a/y;	Ljava/lang/Object;		0x11
Ljp/co/cayto/appc/sdk/android/c/a/z;	Ljava/lang/Object;		0x11
Ljp/co/cayto/appc/sdk/android/c/a;	Ljava/lang/Object;		0x11
Ljp/co/cayto/appc/sdk/android/c/b$a;	Ljava/lang/Object;		0x601
Ljp/co/cayto/appc/sdk/android/c/b/a;	Ljava/lang/Object;		0x11
Ljp/co/cayto/appc/sdk/android/c/b;	Ljava/lang/Object;		0x11
Ljp/co/cayto/appc/sdk/android/c;	Ljava/lang/Object;		0x10
Ljp/co/cayto/appc/sdk/android/d;	Ljava/lang/Object;		0x10
Ljp/co/cayto/appc/sdk/android/e;	Ljava/lang/Object;		0x10
Ljp/co/cayto/appc/sdk/android/f;	Ljava/lang/Object;		0x10
Ljp/co/cayto/appc/sdk/android/g;	Ljava/lang/Object;		0x10
Ljp/co/cayto/appc/sdk/android/h;	Ljava/lang/Object;		0x10
Ljp/co/cayto/appc/sdk/android/i;	Ljava/lang/Object;		0x10
Ljp/co/cayto/appc/sdk/android/j;	Ljava/lang/Object;		0x10
Ljp/co/cayto/appc/sdk/android/k;	Ljava/lang/Object;		0x10
Ljp/co/cayto/appc/sdk/android/l;	Ljava/lang/Object;		0x10
Ljp/co/cayto/appc/sdk/android/m;	Ljava/lang/Object;		0x10
Ljp/co/cayto/appc/sdk/android/n;	Ljava/lang/Object;		0x10
Ljp/co/cayto/appc/sdk/android/o;	Ljava/lang/Object;		0x10
Ljp/co/cayto/appc/sdk/android/p;	Ljava/lang/Object;		0x10
Ljp/co/cayto/appc/sdk/android/q;	Landroid/os/CountDownTimer;		0x10
Ljp/co/cayto/appc/sdk/android/r;	Ljava/lang/Object;		0x10
Ljp/co/cayto/appc/sdk/android/s;	Ljava/lang/Object;		0x10
Ljp/co/cayto/appc/sdk/android/t;	Ljava/lang/Object;		0x10
Ljp/co/cayto/appc/sdk/android/u;	Ljava/lang/Object;		0x10
Ljp/co/cayto/appc/sdk/android/v;	Ljava/lang/Object;		0x10
Ljp/co/cayto/appc/sdk/android/view/AppHorizontalScrollView;	Landroid/widget/HorizontalScrollView;		0x1
Ljp/co/cayto/appc/sdk/android/view/a;	Ljava/lang/Object;		0x11
Ljp/co/cayto/appc/sdk/android/view/aa;	Ljava/lang/Object;		0x10
Ljp/co/cayto/appc/sdk/android/view/ab;	Ljava/lang/Object;		0x10
Ljp/co/cayto/appc/sdk/android/view/ac$a;	Landroid/os/AsyncTask;		0x10
Ljp/co/cayto/appc/sdk/android/view/ac;	Ljava/lang/Object;		0x11
Ljp/co/cayto/appc/sdk/android/view/ad;	Ljava/lang/Object;		0x10
Ljp/co/cayto/appc/sdk/android/view/ae;	Ljava/lang/Object;		0x10
Ljp/co/cayto/appc/sdk/android/view/af;	Ljava/lang/Object;		0x10
Ljp/co/cayto/appc/sdk/android/view/ag;	Ljava/lang/Object;		0x10
Ljp/co/cayto/appc/sdk/android/view/ah$a;	Landroid/os/AsyncTask;		0x10
Ljp/co/cayto/appc/sdk/android/view/ah$b;	Ljava/lang/Object;		0x10
Ljp/co/cayto/appc/sdk/android/view/ah;	Ljava/lang/Object;		0x11
Ljp/co/cayto/appc/sdk/android/view/ai;	Landroid/os/CountDownTimer;		0x10
Ljp/co/cayto/appc/sdk/android/view/aj;	Ljava/lang/Object;		0x10
Ljp/co/cayto/appc/sdk/android/view/ak;	Landroid/os/CountDownTimer;		0x10
Ljp/co/cayto/appc/sdk/android/view/al;	Ljava/lang/Object;		0x10
Ljp/co/cayto/appc/sdk/android/view/am;	Ljava/lang/Object;		0x10
Ljp/co/cayto/appc/sdk/android/view/b;	Ljava/lang/Object;		0x10
Ljp/co/cayto/appc/sdk/android/view/c;	Ljava/lang/Object;		0x10
Ljp/co/cayto/appc/sdk/android/view/d;	Ljava/lang/Object;		0x10
Ljp/co/cayto/appc/sdk/android/view/e;	Ljava/lang/Object;		0x10
Ljp/co/cayto/appc/sdk/android/view/f;	Ljava/lang/Object;		0x10
Ljp/co/cayto/appc/sdk/android/view/g;	Landroid/content/BroadcastReceiver;		0x10
Ljp/co/cayto/appc/sdk/android/view/h;	Landroid/content/BroadcastReceiver;		0x10
Ljp/co/cayto/appc/sdk/android/view/i;	Ljava/lang/Object;		0x10
Ljp/co/cayto/appc/sdk/android/view/j;	Ljava/lang/Object;		0x10
Ljp/co/cayto/appc/sdk/android/view/k;	Landroid/content/BroadcastReceiver;		0x10
Ljp/co/cayto/appc/sdk/android/view/l;	Ljava/lang/Object;		0x10
Ljp/co/cayto/appc/sdk/android/view/m;	Ljava/lang/Object;		0x10
Ljp/co/cayto/appc/sdk/android/view/n;	Ljava/lang/Object;		0x11
Ljp/co/cayto/appc/sdk/android/view/o;	Ljava/lang/Object;		0x10
Ljp/co/cayto/appc/sdk/android/view/p;	Ljava/lang/Object;		0x10
Ljp/co/cayto/appc/sdk/android/view/q;	Ljava/lang/Object;		0x10
Ljp/co/cayto/appc/sdk/android/view/r;	Ljava/lang/Object;		0x10
Ljp/co/cayto/appc/sdk/android/view/s;	Ljava/lang/Object;		0x10
Ljp/co/cayto/appc/sdk/android/view/t;	Ljava/lang/Object;		0x10
Ljp/co/cayto/appc/sdk/android/view/u;	Ljava/lang/Object;		0x10
Ljp/co/cayto/appc/sdk/android/view/v;	Landroid/os/CountDownTimer;		0x10
Ljp/co/cayto/appc/sdk/android/view/w;	Ljava/lang/Object;		0x10
Ljp/co/cayto/appc/sdk/android/view/x;	Ljava/lang/Object;		0x10
Ljp/co/cayto/appc/sdk/android/view/y;	Ljava/lang/Object;		0x10
Ljp/co/cayto/appc/sdk/android/view/z;	Ljava/lang/Object;		0x10
Ljp/co/cayto/appc/sdk/android/w;	Ljava/lang/Object;		0x10
Lnet/arnx/jsonic/JSON$Context;	Ljava/lang/Object;		0x11
Lnet/arnx/jsonic/JSON$Mode;	Ljava/lang/Enum;		0x4011
Lnet/arnx/jsonic/JSON;	Ljava/lang/Object;		0x1
Lnet/arnx/jsonic/JSONException;	Ljava/lang/RuntimeException;		0x1
Lnet/arnx/jsonic/JSONHint;	Ljava/lang/Object;		0x2601
Lnet/arnx/jsonic/v;	Ljava/lang/Object;		0x600
Lnet/arnx/jsonic/a;	Ljava/lang/Object;		0x10
Lnet/arnx/jsonic/al;	Ljava/lang/Object;		0x600
Lnet/arnx/jsonic/aa;	Ljava/lang/Object;		0x10
Lnet/arnx/jsonic/ab;	Ljava/lang/Object;		0x10
Lnet/arnx/jsonic/ac;	Ljava/lang/Object;		0x10
Lnet/arnx/jsonic/ad;	Ljava/lang/Object;		0x10
Lnet/arnx/jsonic/ae;	Ljava/lang/Object;		0x10
Lnet/arnx/jsonic/af;	Ljava/lang/Object;		0x10
Lnet/arnx/jsonic/ag;	Ljava/lang/Object;		0x10
Lnet/arnx/jsonic/ah;	Ljava/lang/Object;		0x10
Lnet/arnx/jsonic/ai;	Ljava/lang/Object;		0x10
Lnet/arnx/jsonic/aj;	Ljava/lang/Object;		0x10
Lnet/arnx/jsonic/ak;	Ljava/lang/Object;		0x10
Lnet/arnx/jsonic/am;	Ljava/lang/Object;		0x10
Lnet/arnx/jsonic/an;	Ljava/lang/Object;		0x10
Lnet/arnx/jsonic/ao;	Ljava/lang/Object;		0x10
Lnet/arnx/jsonic/ap;	Ljava/lang/Object;		0x10
Lnet/arnx/jsonic/aq;	Ljava/lang/Object;		0x10
Lnet/arnx/jsonic/ar;	Ljava/lang/Object;		0x10
Lnet/arnx/jsonic/as;	Ljava/lang/Object;		0x10
Lnet/arnx/jsonic/at;	Ljava/lang/Object;		0x10
Lnet/arnx/jsonic/au;	Ljava/lang/Object;		0x10
Lnet/arnx/jsonic/av;	Ljava/lang/Object;		0x10
Lnet/arnx/jsonic/aw;	Ljava/lang/Object;		0x10
Lnet/arnx/jsonic/ax;	Ljava/lang/Object;		0x10
Lnet/arnx/jsonic/ay;	Ljava/lang/Object;		0x10
Lnet/arnx/jsonic/az;	Ljava/lang/Object;		0x10
Lnet/arnx/jsonic/b;	Ljava/lang/Object;		0x10
Lnet/arnx/jsonic/ba;	Ljava/lang/Object;		0x10
Lnet/arnx/jsonic/bb;	Ljava/lang/Object;		0x10
Lnet/arnx/jsonic/bc;	Ljava/lang/Object;		0x10
Lnet/arnx/jsonic/bd;	Ljava/lang/Object;		0x10
Lnet/arnx/jsonic/be;	Ljava/lang/Object;		0x10
Lnet/arnx/jsonic/bf;	Ljava/lang/Object;		0x10
Lnet/arnx/jsonic/bg;	Ljava/lang/Object;		0x10
Lnet/arnx/jsonic/bh;	Ljava/lang/Object;		0x10
Lnet/arnx/jsonic/bi;	Ljava/lang/Object;		0x10
Lnet/arnx/jsonic/bj;	Ljava/lang/Object;		0x10
Lnet/arnx/jsonic/bk;	Ljava/lang/Object;		0x10
Lnet/arnx/jsonic/bl;	Ljava/lang/Object;		0x10
Lnet/arnx/jsonic/bm;	Ljava/lang/Object;		0x10
Lnet/arnx/jsonic/bn;	Ljava/lang/Object;		0x10
Lnet/arnx/jsonic/bo;	Ljava/lang/Object;		0x10
Lnet/arnx/jsonic/bp;	Ljava/lang/Object;		0x10
Lnet/arnx/jsonic/bq;	Ljava/lang/Object;		0x10
Lnet/arnx/jsonic/br;	Ljava/lang/Object;		0x10
Lnet/arnx/jsonic/bs;	Ljava/lang/Object;		0x10
Lnet/arnx/jsonic/bt;	Ljava/lang/Object;		0x10
Lnet/arnx/jsonic/bu;	Ljava/lang/Object;		0x10
Lnet/arnx/jsonic/bv;	Ljava/lang/Object;		0x10
Lnet/arnx/jsonic/c;	Ljava/lang/Object;		0x10
Lnet/arnx/jsonic/d;	Ljava/lang/Object;		0x10
Lnet/arnx/jsonic/e;	Ljava/lang/Object;		0x10
Lnet/arnx/jsonic/f;	Ljava/lang/Object;		0x10
Lnet/arnx/jsonic/g;	Ljava/lang/Object;		0x10
Lnet/arnx/jsonic/h;	Ljava/lang/Object;		0x10
Lnet/arnx/jsonic/i;	Ljava/lang/Object;		0x10
Lnet/arnx/jsonic/io/OutputSource;	Ljava/lang/Object;		0x601
Lnet/arnx/jsonic/io/AppendableOutputSource;	Ljava/lang/Object;		0x1
Lnet/arnx/jsonic/io/InputSource;	Ljava/lang/Object;		0x601
Lnet/arnx/jsonic/io/CharSequenceInputSource;	Ljava/lang/Object;		0x1
Lnet/arnx/jsonic/io/ReaderInputSource;	Ljava/lang/Object;		0x1
Lnet/arnx/jsonic/io/StringBuilderOutputSource;	Ljava/lang/Object;		0x1
Lnet/arnx/jsonic/io/WriterOutputSource;	Ljava/lang/Object;		0x1
Lnet/arnx/jsonic/j;	Ljava/lang/Object;		0x10
Lnet/arnx/jsonic/k;	Ljava/lang/Object;		0x10
Lnet/arnx/jsonic/l;	Ljava/lang/Object;		0x10
Lnet/arnx/jsonic/m;	Ljava/lang/Object;		0x10
Lnet/arnx/jsonic/n;	Ljava/lang/Object;		0x10
Lnet/arnx/jsonic/o;	Ljava/lang/Object;		0x10
Lnet/arnx/jsonic/p;	Ljava/lang/Object;		0x10
Lnet/arnx/jsonic/q;	Ljava/lang/Object;		0x10
Lnet/arnx/jsonic/r;	Ljava/lang/Object;		0x10
Lnet/arnx/jsonic/s;	Ljava/lang/Object;		0x10
Lnet/arnx/jsonic/t;	Ljava/lang/Object;		0x10
Lnet/arnx/jsonic/u;	Ljava/text/SimpleDateFormat;		0x10
Lnet/arnx/jsonic/util/Base64;	Ljava/lang/Object;		0x1
Lnet/arnx/jsonic/util/BeanInfo;	Ljava/lang/Object;		0x11
Lnet/arnx/jsonic/util/ClassUtil$a;	Ljava/io/ObjectInputStream;		0x10
Lnet/arnx/jsonic/util/ClassUtil;	Ljava/lang/Object;		0x11
Lnet/arnx/jsonic/util/ConstructorInfo;	Ljava/lang/Object;		0x1
Lnet/arnx/jsonic/util/MethodInfo;	Ljava/lang/Object;		0x1
Lnet/arnx/jsonic/util/PropertyInfo;	Ljava/lang/Object;		0x1
Lnet/arnx/jsonic/util/a;	Ljava/util/LinkedHashMap;		0x10
Lnet/arnx/jsonic/util/b;	Ljava/util/LinkedHashMap;		0x10
Lnet/arnx/jsonic/w;	Ljava/lang/Object;		0x10
Lnet/arnx/jsonic/web/Container;	Ljava/lang/Object;		0x1
Lnet/arnx/jsonic/web/GatewayFilter$a;	Ljava/lang/Object;		0x0
Lnet/arnx/jsonic/web/GatewayFilter;	Ljava/lang/Object;		0x1
Lnet/arnx/jsonic/web/RESTServlet;	Ljavax/servlet/http/HttpServlet;		0x1
Lnet/arnx/jsonic/web/RPCServlet;	Ljavax/servlet/http/HttpServlet;		0x1
Lnet/arnx/jsonic/web/WebServiceServlet$Config;	Ljava/lang/Object;		0x1
Lnet/arnx/jsonic/web/WebServiceServlet$JSON;	Lnet/arnx/jsonic/JSON;		0x1
Lnet/arnx/jsonic/web/WebServiceServlet;	Ljavax/servlet/http/HttpServlet;		0x1
Lnet/arnx/jsonic/web/extension/GuiceContainer;	Lnet/arnx/jsonic/web/Container;		0x1
Lnet/arnx/jsonic/web/extension/S2Container;	Lnet/arnx/jsonic/web/Container;		0x1
Lnet/arnx/jsonic/web/extension/SpringContainer;	Lnet/arnx/jsonic/web/Container;		0x1
Lnet/arnx/jsonic/x;	Ljava/lang/Object;		0x10
Lnet/arnx/jsonic/y;	Ljava/lang/Object;		0x10
Lnet/arnx/jsonic/z;	Ljava/lang/Object;		0x10